1987,"Barrie, Ontario",35568,Apartment structures of six units and over,Bachelor units,v3824449,67.4.1,308
1987,"Barrie, Ontario",35568,Apartment structures of six units and over,One bedroom units,v3824637,67.4.2,442
1988,"Barrie, Ontario",35568,Apartment structures of six units and over,One bedroom units,v3824637,67.4.2,485
1989,"Barrie, Ontario",35568,Apartment structures of six units and over,One bedroom units,v3824637,67.4.2,518
1987,"Barrie, Ontario",35568,Apartment structures of six units and over,Two bedroom units,v3824825,67.4.3,503
1988,"Barrie, Ontario",35568,Apartment structures of six units and over,Two bedroom units,v3824825,67.4.3,562
1989,"Barrie, Ontario",35568,Apartment structures of six units and over,Two bedroom units,v3824825,67.4.3,593
1987,"Barrie, Ontario",35568,Apartment structures of six units and over,Three bedroom units,v3825013,67.4.4,583
1989,"Barrie, Ontario",35568,Apartment structures of six units and over,Three bedroom units,v3825013,67.4.4,715
1987,"Belleville, Ontario",35522,Apartment structures of six units and over,Bachelor units,v3824450,68.4.1,303
1988,"Belleville, Ontario",35522,Apartment structures of six units and over,Bachelor units,v3824450,68.4.1,330
1989,"Belleville, Ontario",35522,Apartment structures of six units and over,Bachelor units,v3824450,68.4.1,356
1987,"Belleville, Ontario",35522,Apartment structures of six units and over,One bedroom units,v3824638,68.4.2,440
1988,"Belleville, Ontario",35522,Apartment structures of six units and over,One bedroom units,v3824638,68.4.2,440
1989,"Belleville, Ontario",35522,Apartment structures of six units and over,One bedroom units,v3824638,68.4.2,465
1987,"Belleville, Ontario",35522,Apartment structures of six units and over,Two bedroom units,v3824826,68.4.3,481
1988,"Belleville, Ontario",35522,Apartment structures of six units and over,Two bedroom units,v3824826,68.4.3,498
1989,"Belleville, Ontario",35522,Apartment structures of six units and over,Two bedroom units,v3824826,68.4.3,519
1987,"Belleville, Ontario",35522,Apartment structures of six units and over,Three bedroom units,v3825014,68.4.4,535
1988,"Belleville, Ontario",35522,Apartment structures of six units and over,Three bedroom units,v3825014,68.4.4,586
1989,"Belleville, Ontario",35522,Apartment structures of six units and over,Three bedroom units,v3825014,68.4.4,625
1987,"Brantford, Ontario",35543,Apartment structures of six units and over,Bachelor units,v3824451,70.4.1,289
1988,"Brantford, Ontario",35543,Apartment structures of six units and over,Bachelor units,v3824451,70.4.1,315
1989,"Brantford, Ontario",35543,Apartment structures of six units and over,Bachelor units,v3824451,70.4.1,293
1987,"Brantford, Ontario",35543,Apartment structures of six units and over,One bedroom units,v3824639,70.4.2,384
1988,"Brantford, Ontario",35543,Apartment structures of six units and over,One bedroom units,v3824639,70.4.2,395
1989,"Brantford, Ontario",35543,Apartment structures of six units and over,One bedroom units,v3824639,70.4.2,419
1987,"Brantford, Ontario",35543,Apartment structures of six units and over,Two bedroom units,v3824827,70.4.3,434
1988,"Brantford, Ontario",35543,Apartment structures of six units and over,Two bedroom units,v3824827,70.4.3,441
1989,"Brantford, Ontario",35543,Apartment structures of six units and over,Two bedroom units,v3824827,70.4.3,472
1987,"Brantford, Ontario",35543,Apartment structures of six units and over,Three bedroom units,v3825015,70.4.4,459
1988,"Brantford, Ontario",35543,Apartment structures of six units and over,Three bedroom units,v3825015,70.4.4,473
1989,"Brantford, Ontario",35543,Apartment structures of six units and over,Three bedroom units,v3825015,70.4.4,562
1987,"Brockville, Ontario",35512,Apartment structures of six units and over,Bachelor units,v3824543,71.4.1,274
1988,"Brockville, Ontario",35512,Apartment structures of six units and over,Bachelor units,v3824543,71.4.1,314
1989,"Brockville, Ontario",35512,Apartment structures of six units and over,Bachelor units,v3824543,71.4.1,313
1987,"Brockville, Ontario",35512,Apartment structures of six units and over,One bedroom units,v3824731,71.4.2,347
1988,"Brockville, Ontario",35512,Apartment structures of six units and over,One bedroom units,v3824731,71.4.2,386
1989,"Brockville, Ontario",35512,Apartment structures of six units and over,One bedroom units,v3824731,71.4.2,399
1987,"Brockville, Ontario",35512,Apartment structures of six units and over,Two bedroom units,v3824919,71.4.3,436
1988,"Brockville, Ontario",35512,Apartment structures of six units and over,Two bedroom units,v3824919,71.4.3,461
1989,"Brockville, Ontario",35512,Apartment structures of six units and over,Two bedroom units,v3824919,71.4.3,473
1987,"Brockville, Ontario",35512,Apartment structures of six units and over,Three bedroom units,v3825107,71.4.4,415
1988,"Brockville, Ontario",35512,Apartment structures of six units and over,Three bedroom units,v3825107,71.4.4,451
1989,"Brockville, Ontario",35512,Apartment structures of six units and over,Three bedroom units,v3825107,71.4.4,463
1987,"Chatham-Kent, Ontario",35556,Apartment structures of six units and over,One bedroom units,v3824641,72.4.2,376
1988,"Chatham-Kent, Ontario",35556,Apartment structures of six units and over,One bedroom units,v3824641,72.4.2,388
1989,"Chatham-Kent, Ontario",35556,Apartment structures of six units and over,One bedroom units,v3824641,72.4.2,408
1987,"Chatham-Kent, Ontario",35556,Apartment structures of six units and over,Two bedroom units,v3824829,72.4.3,454
1988,"Chatham-Kent, Ontario",35556,Apartment structures of six units and over,Two bedroom units,v3824829,72.4.3,468
1989,"Chatham-Kent, Ontario",35556,Apartment structures of six units and over,Two bedroom units,v3824829,72.4.3,490
1988,"Chatham-Kent, Ontario",35556,Apartment structures of six units and over,Three bedroom units,v3825017,72.4.4,667
1989,"Chatham-Kent, Ontario",35556,Apartment structures of six units and over,Three bedroom units,v3825017,72.4.4,655
1989,"Cobourg, Ontario",35527,Apartment structures of six units and over,Bachelor units,v3824547,73.4.1,350
1987,"Cobourg, Ontario",35527,Apartment structures of six units and over,One bedroom units,v3824735,73.4.2,414
1988,"Cobourg, Ontario",35527,Apartment structures of six units and over,One bedroom units,v3824735,73.4.2,431
1989,"Cobourg, Ontario",35527,Apartment structures of six units and over,One bedroom units,v3824735,73.4.2,467
1987,"Cobourg, Ontario",35527,Apartment structures of six units and over,Two bedroom units,v3824923,73.4.3,455
1988,"Cobourg, Ontario",35527,Apartment structures of six units and over,Two bedroom units,v3824923,73.4.3,505
1989,"Cobourg, Ontario",35527,Apartment structures of six units and over,Two bedroom units,v3824923,73.4.3,533
1987,"Cobourg, Ontario",35527,Apartment structures of six units and over,Three bedroom units,v3825111,73.4.4,322
1989,"Cobourg, Ontario",35527,Apartment structures of six units and over,Three bedroom units,v3825111,73.4.4,650
1987,"Collingwood, Ontario",35567,Apartment structures of six units and over,Bachelor units,v3824489,74.4.1,292
1988,"Collingwood, Ontario",35567,Apartment structures of six units and over,Bachelor units,v3824489,74.4.1,298
1987,"Collingwood, Ontario",35567,Apartment structures of six units and over,One bedroom units,v3824677,74.4.2,395
1988,"Collingwood, Ontario",35567,Apartment structures of six units and over,One bedroom units,v3824677,74.4.2,398
1989,"Collingwood, Ontario",35567,Apartment structures of six units and over,One bedroom units,v3824677,74.4.2,430
1987,"Collingwood, Ontario",35567,Apartment structures of six units and over,Two bedroom units,v3824865,74.4.3,428
1988,"Collingwood, Ontario",35567,Apartment structures of six units and over,Two bedroom units,v3824865,74.4.3,452
1989,"Collingwood, Ontario",35567,Apartment structures of six units and over,Two bedroom units,v3824865,74.4.3,482
1987,"Collingwood, Ontario",35567,Apartment structures of six units and over,Three bedroom units,v3825053,74.4.4,417
1987,"Cornwall, Ontario",35501,Apartment structures of six units and over,Bachelor units,v3824455,75.4.1,332
1988,"Cornwall, Ontario",35501,Apartment structures of six units and over,Bachelor units,v3824455,75.4.1,327
1989,"Cornwall, Ontario",35501,Apartment structures of six units and over,Bachelor units,v3824455,75.4.1,333
1987,"Cornwall, Ontario",35501,Apartment structures of six units and over,One bedroom units,v3824643,75.4.2,392
1988,"Cornwall, Ontario",35501,Apartment structures of six units and over,One bedroom units,v3824643,75.4.2,388
1989,"Cornwall, Ontario",35501,Apartment structures of six units and over,One bedroom units,v3824643,75.4.2,397
1987,"Cornwall, Ontario",35501,Apartment structures of six units and over,Two bedroom units,v3824831,75.4.3,477
1988,"Cornwall, Ontario",35501,Apartment structures of six units and over,Two bedroom units,v3824831,75.4.3,496
1989,"Cornwall, Ontario",35501,Apartment structures of six units and over,Two bedroom units,v3824831,75.4.3,515
1987,"Cornwall, Ontario",35501,Apartment structures of six units and over,Three bedroom units,v3825019,75.4.4,487
1989,"Cornwall, Ontario",35501,Apartment structures of six units and over,Three bedroom units,v3825019,75.4.4,541
1988,"Dunnville, Ontario",,Apartment structures of six units and over,One bedroom units,v3824681,76.4.2,272
1989,"Dunnville, Ontario",,Apartment structures of six units and over,One bedroom units,v3824681,76.4.2,380
1988,"Dunnville, Ontario",,Apartment structures of six units and over,Two bedroom units,v3824869,76.4.3,381
1989,"Dunnville, Ontario",,Apartment structures of six units and over,Two bedroom units,v3824869,76.4.3,410
1987,"Elliot Lake, Ontario",35582,Apartment structures of six units and over,Bachelor units,v3824494,77.4.1,273
1988,"Elliot Lake, Ontario",35582,Apartment structures of six units and over,Bachelor units,v3824494,77.4.1,285
1989,"Elliot Lake, Ontario",35582,Apartment structures of six units and over,Bachelor units,v3824494,77.4.1,315
1987,"Elliot Lake, Ontario",35582,Apartment structures of six units and over,One bedroom units,v3824682,77.4.2,323
1988,"Elliot Lake, Ontario",35582,Apartment structures of six units and over,One bedroom units,v3824682,77.4.2,339
1989,"Elliot Lake, Ontario",35582,Apartment structures of six units and over,One bedroom units,v3824682,77.4.2,326
1987,"Elliot Lake, Ontario",35582,Apartment structures of six units and over,Two bedroom units,v3824870,77.4.3,379
1988,"Elliot Lake, Ontario",35582,Apartment structures of six units and over,Two bedroom units,v3824870,77.4.3,398
1989,"Elliot Lake, Ontario",35582,Apartment structures of six units and over,Two bedroom units,v3824870,77.4.3,398
1987,"Elliot Lake, Ontario",35582,Apartment structures of six units and over,Three bedroom units,v3825058,77.4.4,395
1988,"Elliot Lake, Ontario",35582,Apartment structures of six units and over,Three bedroom units,v3825058,77.4.4,403
1989,"Elliot Lake, Ontario",35582,Apartment structures of six units and over,Three bedroom units,v3825058,77.4.4,420
1987,"Fergus, Ontario",,Apartment structures of six units and over,One bedroom units,v3824740,78.4.2,326
1987,"Fergus, Ontario",,Apartment structures of six units and over,Two bedroom units,v3824928,78.4.3,386
1987,"Greater Sudbury, Ontario",35580,Apartment structures of six units and over,Bachelor units,v3824441,121.4.1,279
1988,"Greater Sudbury, Ontario",35580,Apartment structures of six units and over,Bachelor units,v3824441,121.4.1,311
1989,"Greater Sudbury, Ontario",35580,Apartment structures of six units and over,Bachelor units,v3824441,121.4.1,335
1987,"Greater Sudbury, Ontario",35580,Apartment structures of six units and over,One bedroom units,v3824629,121.4.2,365
1988,"Greater Sudbury, Ontario",35580,Apartment structures of six units and over,One bedroom units,v3824629,121.4.2,386
1989,"Greater Sudbury, Ontario",35580,Apartment structures of six units and over,One bedroom units,v3824629,121.4.2,401
1987,"Greater Sudbury, Ontario",35580,Apartment structures of six units and over,Two bedroom units,v3824817,121.4.3,469
1988,"Greater Sudbury, Ontario",35580,Apartment structures of six units and over,Two bedroom units,v3824817,121.4.3,451
1989,"Greater Sudbury, Ontario",35580,Apartment structures of six units and over,Two bedroom units,v3824817,121.4.3,468
1987,"Greater Sudbury, Ontario",35580,Apartment structures of six units and over,Three bedroom units,v3825005,121.4.4,466
1988,"Greater Sudbury, Ontario",35580,Apartment structures of six units and over,Three bedroom units,v3825005,121.4.4,495
1989,"Greater Sudbury, Ontario",35580,Apartment structures of six units and over,Three bedroom units,v3825005,121.4.4,525
1987,"Guelph, Ontario",35550,Apartment structures of six units and over,Bachelor units,v3824460,81.4.1,327
1988,"Guelph, Ontario",35550,Apartment structures of six units and over,Bachelor units,v3824460,81.4.1,406
1989,"Guelph, Ontario",35550,Apartment structures of six units and over,Bachelor units,v3824460,81.4.1,454
1987,"Guelph, Ontario",35550,Apartment structures of six units and over,One bedroom units,v3824648,81.4.2,403
1988,"Guelph, Ontario",35550,Apartment structures of six units and over,One bedroom units,v3824648,81.4.2,422
1989,"Guelph, Ontario",35550,Apartment structures of six units and over,One bedroom units,v3824648,81.4.2,456
1987,"Guelph, Ontario",35550,Apartment structures of six units and over,Two bedroom units,v3824836,81.4.3,459
1988,"Guelph, Ontario",35550,Apartment structures of six units and over,Two bedroom units,v3824836,81.4.3,480
1989,"Guelph, Ontario",35550,Apartment structures of six units and over,Two bedroom units,v3824836,81.4.3,521
1987,"Guelph, Ontario",35550,Apartment structures of six units and over,Three bedroom units,v3825024,81.4.4,512
1988,"Guelph, Ontario",35550,Apartment structures of six units and over,Three bedroom units,v3825024,81.4.4,527
1989,"Guelph, Ontario",35550,Apartment structures of six units and over,Three bedroom units,v3825024,81.4.4,578
1987,"Haldimand County, Ontario",3528018,Apartment structures of six units and over,One bedroom units,v3824687,83.4.2,394
1988,"Haldimand County, Ontario",3528018,Apartment structures of six units and over,One bedroom units,v3824687,83.4.2,391
1989,"Haldimand County, Ontario",3528018,Apartment structures of six units and over,One bedroom units,v3824687,83.4.2,452
1987,"Haldimand County, Ontario",3528018,Apartment structures of six units and over,Two bedroom units,v3824875,83.4.3,440
1988,"Haldimand County, Ontario",3528018,Apartment structures of six units and over,Two bedroom units,v3824875,83.4.3,441
1989,"Haldimand County, Ontario",3528018,Apartment structures of six units and over,Two bedroom units,v3824875,83.4.3,473
1987,"Halton Hills, Ontario",,Apartment structures of six units and over,One bedroom units,v3824692,84.4.2,422
1987,"Halton Hills, Ontario",,Apartment structures of six units and over,Two bedroom units,v3824880,84.4.3,387
1987,"Hamilton, Ontario",35537,Apartment structures of six units and over,Bachelor units,v3824426,85.4.1,287
1988,"Hamilton, Ontario",35537,Apartment structures of six units and over,Bachelor units,v3824426,85.4.1,307
1989,"Hamilton, Ontario",35537,Apartment structures of six units and over,Bachelor units,v3824426,85.4.1,317
1987,"Hamilton, Ontario",35537,Apartment structures of six units and over,One bedroom units,v3824614,85.4.2,361
1988,"Hamilton, Ontario",35537,Apartment structures of six units and over,One bedroom units,v3824614,85.4.2,383
1989,"Hamilton, Ontario",35537,Apartment structures of six units and over,One bedroom units,v3824614,85.4.2,406
1987,"Hamilton, Ontario",35537,Apartment structures of six units and over,Two bedroom units,v3824802,85.4.3,435
1988,"Hamilton, Ontario",35537,Apartment structures of six units and over,Two bedroom units,v3824802,85.4.3,467
1989,"Hamilton, Ontario",35537,Apartment structures of six units and over,Two bedroom units,v3824802,85.4.3,491
1987,"Hamilton, Ontario",35537,Apartment structures of six units and over,Three bedroom units,v3824990,85.4.4,553
1988,"Hamilton, Ontario",35537,Apartment structures of six units and over,Three bedroom units,v3824990,85.4.4,592
1989,"Hamilton, Ontario",35537,Apartment structures of six units and over,Three bedroom units,v3824990,85.4.4,629
1987,"Hawkesbury, Ontario part, Ontario/Quebec",35502,Apartment structures of six units and over,One bedroom units,v3824744,86.4.2,352
1988,"Hawkesbury, Ontario part, Ontario/Quebec",35502,Apartment structures of six units and over,One bedroom units,v3824744,86.4.2,325
1989,"Hawkesbury, Ontario part, Ontario/Quebec",35502,Apartment structures of six units and over,One bedroom units,v3824744,86.4.2,327
1987,"Hawkesbury, Ontario part, Ontario/Quebec",35502,Apartment structures of six units and over,Two bedroom units,v3824932,86.4.3,368
1988,"Hawkesbury, Ontario part, Ontario/Quebec",35502,Apartment structures of six units and over,Two bedroom units,v3824932,86.4.3,357
1989,"Hawkesbury, Ontario part, Ontario/Quebec",35502,Apartment structures of six units and over,Two bedroom units,v3824932,86.4.3,388
1989,"Huntsville, Ontario",3544042,Apartment structures of six units and over,One bedroom units,v3824693,87.4.2,415
1987,"Kapuskasing, Ontario",,Apartment structures of six units and over,Bachelor units,v3824506,88.4.1,195
1987,"Kapuskasing, Ontario",,Apartment structures of six units and over,One bedroom units,v3824694,88.4.2,275
1988,"Kapuskasing, Ontario",,Apartment structures of six units and over,One bedroom units,v3824694,88.4.2,283
1989,"Kapuskasing, Ontario",,Apartment structures of six units and over,One bedroom units,v3824694,88.4.2,290
1987,"Kapuskasing, Ontario",,Apartment structures of six units and over,Two bedroom units,v3824882,88.4.3,361
1988,"Kapuskasing, Ontario",,Apartment structures of six units and over,Two bedroom units,v3824882,88.4.3,375
1989,"Kapuskasing, Ontario",,Apartment structures of six units and over,Two bedroom units,v3824882,88.4.3,371
1987,"Kapuskasing, Ontario",,Apartment structures of six units and over,Three bedroom units,v3825070,88.4.4,413
1988,"Kapuskasing, Ontario",,Apartment structures of six units and over,Three bedroom units,v3825070,88.4.4,437
1989,"Kapuskasing, Ontario",,Apartment structures of six units and over,Three bedroom units,v3825070,88.4.4,450
1987,"Kawartha Lakes, Ontario",35530,Apartment structures of six units and over,Bachelor units,v3824565,95.4.1,289
1988,"Kawartha Lakes, Ontario",35530,Apartment structures of six units and over,Bachelor units,v3824565,95.4.1,305
1989,"Kawartha Lakes, Ontario",35530,Apartment structures of six units and over,Bachelor units,v3824565,95.4.1,301
1987,"Kawartha Lakes, Ontario",35530,Apartment structures of six units and over,One bedroom units,v3824753,95.4.2,403
1988,"Kawartha Lakes, Ontario",35530,Apartment structures of six units and over,One bedroom units,v3824753,95.4.2,431
1989,"Kawartha Lakes, Ontario",35530,Apartment structures of six units and over,One bedroom units,v3824753,95.4.2,462
1987,"Kawartha Lakes, Ontario",35530,Apartment structures of six units and over,Two bedroom units,v3824941,95.4.3,476
1988,"Kawartha Lakes, Ontario",35530,Apartment structures of six units and over,Two bedroom units,v3824941,95.4.3,513
1989,"Kawartha Lakes, Ontario",35530,Apartment structures of six units and over,Two bedroom units,v3824941,95.4.3,568
1988,"Kawartha Lakes, Ontario",35530,Apartment structures of six units and over,Three bedroom units,v3825129,95.4.4,595
1989,"Kawartha Lakes, Ontario",35530,Apartment structures of six units and over,Three bedroom units,v3825129,95.4.4,654
1987,"Kenora, Ontario",35598,Apartment structures of six units and over,Bachelor units,v3824558,89.4.1,303
1987,"Kenora, Ontario",35598,Apartment structures of six units and over,One bedroom units,v3824746,89.4.2,405
1988,"Kenora, Ontario",35598,Apartment structures of six units and over,One bedroom units,v3824746,89.4.2,423
1989,"Kenora, Ontario",35598,Apartment structures of six units and over,One bedroom units,v3824746,89.4.2,434
1987,"Kenora, Ontario",35598,Apartment structures of six units and over,Two bedroom units,v3824934,89.4.3,536
1988,"Kenora, Ontario",35598,Apartment structures of six units and over,Two bedroom units,v3824934,89.4.3,563
1989,"Kenora, Ontario",35598,Apartment structures of six units and over,Two bedroom units,v3824934,89.4.3,579
1987,"Kingston, Ontario",35521,Apartment structures of six units and over,Bachelor units,v3824463,90.4.1,288
1988,"Kingston, Ontario",35521,Apartment structures of six units and over,Bachelor units,v3824463,90.4.1,283
1989,"Kingston, Ontario",35521,Apartment structures of six units and over,Bachelor units,v3824463,90.4.1,299
1987,"Kingston, Ontario",35521,Apartment structures of six units and over,One bedroom units,v3824651,90.4.2,391
1988,"Kingston, Ontario",35521,Apartment structures of six units and over,One bedroom units,v3824651,90.4.2,404
1989,"Kingston, Ontario",35521,Apartment structures of six units and over,One bedroom units,v3824651,90.4.2,429
1987,"Kingston, Ontario",35521,Apartment structures of six units and over,Two bedroom units,v3824839,90.4.3,460
1988,"Kingston, Ontario",35521,Apartment structures of six units and over,Two bedroom units,v3824839,90.4.3,484
1989,"Kingston, Ontario",35521,Apartment structures of six units and over,Two bedroom units,v3824839,90.4.3,511
1987,"Kingston, Ontario",35521,Apartment structures of six units and over,Three bedroom units,v3825027,90.4.4,566
1988,"Kingston, Ontario",35521,Apartment structures of six units and over,Three bedroom units,v3825027,90.4.4,585
1989,"Kingston, Ontario",35521,Apartment structures of six units and over,Three bedroom units,v3825027,90.4.4,627
1987,"Kirkland Lake, Ontario",,Apartment structures of six units and over,One bedroom units,v3824695,91.4.2,169
1988,"Kirkland Lake, Ontario",,Apartment structures of six units and over,One bedroom units,v3824695,91.4.2,208
1989,"Kirkland Lake, Ontario",,Apartment structures of six units and over,One bedroom units,v3824695,91.4.2,292
1987,"Kirkland Lake, Ontario",,Apartment structures of six units and over,Two bedroom units,v3824883,91.4.3,305
1988,"Kirkland Lake, Ontario",,Apartment structures of six units and over,Two bedroom units,v3824883,91.4.3,295
1989,"Kirkland Lake, Ontario",,Apartment structures of six units and over,Two bedroom units,v3824883,91.4.3,395
1989,"Kirkland Lake, Ontario",,Apartment structures of six units and over,Three bedroom units,v3825071,91.4.4,343
1987,"Kitchener-Cambridge-Waterloo, Ontario",35541,Apartment structures of six units and over,Bachelor units,v3824427,92.4.1,287
1988,"Kitchener-Cambridge-Waterloo, Ontario",35541,Apartment structures of six units and over,Bachelor units,v3824427,92.4.1,319
1989,"Kitchener-Cambridge-Waterloo, Ontario",35541,Apartment structures of six units and over,Bachelor units,v3824427,92.4.1,343
1987,"Kitchener-Cambridge-Waterloo, Ontario",35541,Apartment structures of six units and over,One bedroom units,v3824615,92.4.2,366
1988,"Kitchener-Cambridge-Waterloo, Ontario",35541,Apartment structures of six units and over,One bedroom units,v3824615,92.4.2,386
1989,"Kitchener-Cambridge-Waterloo, Ontario",35541,Apartment structures of six units and over,One bedroom units,v3824615,92.4.2,418
1987,"Kitchener-Cambridge-Waterloo, Ontario",35541,Apartment structures of six units and over,Two bedroom units,v3824803,92.4.3,434
1988,"Kitchener-Cambridge-Waterloo, Ontario",35541,Apartment structures of six units and over,Two bedroom units,v3824803,92.4.3,462
1989,"Kitchener-Cambridge-Waterloo, Ontario",35541,Apartment structures of six units and over,Two bedroom units,v3824803,92.4.3,495
1987,"Kitchener-Cambridge-Waterloo, Ontario",35541,Apartment structures of six units and over,Three bedroom units,v3824991,92.4.4,530
1988,"Kitchener-Cambridge-Waterloo, Ontario",35541,Apartment structures of six units and over,Three bedroom units,v3824991,92.4.4,574
1989,"Kitchener-Cambridge-Waterloo, Ontario",35541,Apartment structures of six units and over,Three bedroom units,v3824991,92.4.4,635
1989,"Leamington, Ontario",35557,Apartment structures of six units and over,Bachelor units,v3824564,93.4.1,296
1987,"Leamington, Ontario",35557,Apartment structures of six units and over,One bedroom units,v3824752,93.4.2,397
1988,"Leamington, Ontario",35557,Apartment structures of six units and over,One bedroom units,v3824752,93.4.2,412
1989,"Leamington, Ontario",35557,Apartment structures of six units and over,One bedroom units,v3824752,93.4.2,433
1987,"Leamington, Ontario",35557,Apartment structures of six units and over,Two bedroom units,v3824940,93.4.3,526
1988,"Leamington, Ontario",35557,Apartment structures of six units and over,Two bedroom units,v3824940,93.4.3,521
1989,"Leamington, Ontario",35557,Apartment structures of six units and over,Two bedroom units,v3824940,93.4.3,544
1987,"Leamington, Ontario",35557,Apartment structures of six units and over,Three bedroom units,v3825128,93.4.4,650
1987,"London, Ontario",35555,Apartment structures of six units and over,Bachelor units,v3824428,96.4.1,307
1988,"London, Ontario",35555,Apartment structures of six units and over,Bachelor units,v3824428,96.4.1,322
1989,"London, Ontario",35555,Apartment structures of six units and over,Bachelor units,v3824428,96.4.1,346
1987,"London, Ontario",35555,Apartment structures of six units and over,One bedroom units,v3824616,96.4.2,387
1988,"London, Ontario",35555,Apartment structures of six units and over,One bedroom units,v3824616,96.4.2,405
1989,"London, Ontario",35555,Apartment structures of six units and over,One bedroom units,v3824616,96.4.2,419
1987,"London, Ontario",35555,Apartment structures of six units and over,Two bedroom units,v3824804,96.4.3,478
1988,"London, Ontario",35555,Apartment structures of six units and over,Two bedroom units,v3824804,96.4.3,500
1989,"London, Ontario",35555,Apartment structures of six units and over,Two bedroom units,v3824804,96.4.3,520
1987,"London, Ontario",35555,Apartment structures of six units and over,Three bedroom units,v3824992,96.4.4,625
1988,"London, Ontario",35555,Apartment structures of six units and over,Three bedroom units,v3824992,96.4.4,610
1989,"London, Ontario",35555,Apartment structures of six units and over,Three bedroom units,v3824992,96.4.4,622
1987,"Midland, Ontario",35571,Apartment structures of six units and over,Bachelor units,v3824567,97.4.1,374
1987,"Midland, Ontario",35571,Apartment structures of six units and over,One bedroom units,v3824755,97.4.2,403
1988,"Midland, Ontario",35571,Apartment structures of six units and over,One bedroom units,v3824755,97.4.2,401
1989,"Midland, Ontario",35571,Apartment structures of six units and over,One bedroom units,v3824755,97.4.2,430
1987,"Midland, Ontario",35571,Apartment structures of six units and over,Two bedroom units,v3824943,97.4.3,433
1988,"Midland, Ontario",35571,Apartment structures of six units and over,Two bedroom units,v3824943,97.4.3,476
1989,"Midland, Ontario",35571,Apartment structures of six units and over,Two bedroom units,v3824943,97.4.3,497
1987,"Midland, Ontario",35571,Apartment structures of six units and over,Three bedroom units,v3825131,97.4.4,466
1988,"Midland, Ontario",35571,Apartment structures of six units and over,Three bedroom units,v3825131,97.4.4,482
1989,"Midland, Ontario",35571,Apartment structures of six units and over,Three bedroom units,v3825131,97.4.4,506
1988,"Nanticoke, Ontario",,Apartment structures of six units and over,One bedroom units,v3824706,99.4.2,298
1989,"Nanticoke, Ontario",,Apartment structures of six units and over,One bedroom units,v3824706,99.4.2,328
1988,"Nanticoke, Ontario",,Apartment structures of six units and over,Two bedroom units,v3824894,99.4.3,346
1989,"Nanticoke, Ontario",,Apartment structures of six units and over,Two bedroom units,v3824894,99.4.3,380
1987,"Newcastle, Ontario",,Apartment structures of six units and over,One bedroom units,v3824707,100.4.2,394
1987,"Newcastle, Ontario",,Apartment structures of six units and over,Two bedroom units,v3824895,100.4.3,417
1987,"Norfolk, Ontario",35547,Apartment structures of six units and over,Bachelor units,v3824530,114.4.1,234
1988,"Norfolk, Ontario",35547,Apartment structures of six units and over,Bachelor units,v3824530,114.4.1,285
1989,"Norfolk, Ontario",35547,Apartment structures of six units and over,Bachelor units,v3824530,114.4.1,345
1988,"Norfolk, Ontario",35547,Apartment structures of six units and over,One bedroom units,v3824718,114.4.2,393
1989,"Norfolk, Ontario",35547,Apartment structures of six units and over,One bedroom units,v3824718,114.4.2,395
1988,"Norfolk, Ontario",35547,Apartment structures of six units and over,Two bedroom units,v3824906,114.4.3,451
1989,"Norfolk, Ontario",35547,Apartment structures of six units and over,Two bedroom units,v3824906,114.4.3,451
1987,"North Bay, Ontario",35575,Apartment structures of six units and over,Bachelor units,v3824469,101.4.1,296
1988,"North Bay, Ontario",35575,Apartment structures of six units and over,Bachelor units,v3824469,101.4.1,320
1989,"North Bay, Ontario",35575,Apartment structures of six units and over,Bachelor units,v3824469,101.4.1,357
1987,"North Bay, Ontario",35575,Apartment structures of six units and over,One bedroom units,v3824657,101.4.2,354
1988,"North Bay, Ontario",35575,Apartment structures of six units and over,One bedroom units,v3824657,101.4.2,412
1989,"North Bay, Ontario",35575,Apartment structures of six units and over,One bedroom units,v3824657,101.4.2,463
1987,"North Bay, Ontario",35575,Apartment structures of six units and over,Two bedroom units,v3824845,101.4.3,443
1988,"North Bay, Ontario",35575,Apartment structures of six units and over,Two bedroom units,v3824845,101.4.3,474
1989,"North Bay, Ontario",35575,Apartment structures of six units and over,Two bedroom units,v3824845,101.4.3,498
1989,"North Bay, Ontario",35575,Apartment structures of six units and over,Three bedroom units,v3825033,101.4.4,537
1987,"Orangeville, Ontario",,Apartment structures of six units and over,One bedroom units,v3824709,102.4.2,401
1987,"Orangeville, Ontario",,Apartment structures of six units and over,Two bedroom units,v3824897,102.4.3,478
1987,"Orillia, Ontario",35569,Apartment structures of six units and over,Bachelor units,v3824571,103.4.1,308
1988,"Orillia, Ontario",35569,Apartment structures of six units and over,Bachelor units,v3824571,103.4.1,336
1989,"Orillia, Ontario",35569,Apartment structures of six units and over,Bachelor units,v3824571,103.4.1,371
1987,"Orillia, Ontario",35569,Apartment structures of six units and over,One bedroom units,v3824759,103.4.2,379
1988,"Orillia, Ontario",35569,Apartment structures of six units and over,One bedroom units,v3824759,103.4.2,402
1989,"Orillia, Ontario",35569,Apartment structures of six units and over,One bedroom units,v3824759,103.4.2,463
1987,"Orillia, Ontario",35569,Apartment structures of six units and over,Two bedroom units,v3824947,103.4.3,467
1988,"Orillia, Ontario",35569,Apartment structures of six units and over,Two bedroom units,v3824947,103.4.3,496
1989,"Orillia, Ontario",35569,Apartment structures of six units and over,Two bedroom units,v3824947,103.4.3,537
1988,"Orillia, Ontario",35569,Apartment structures of six units and over,Three bedroom units,v3825135,103.4.4,503
1989,"Orillia, Ontario",35569,Apartment structures of six units and over,Three bedroom units,v3825135,103.4.4,525
1987,"Oshawa, Ontario",35532,Apartment structures of six units and over,Bachelor units,v3824431,104.4.1,378
1988,"Oshawa, Ontario",35532,Apartment structures of six units and over,Bachelor units,v3824431,104.4.1,447
1989,"Oshawa, Ontario",35532,Apartment structures of six units and over,Bachelor units,v3824431,104.4.1,411
1987,"Oshawa, Ontario",35532,Apartment structures of six units and over,One bedroom units,v3824619,104.4.2,445
1988,"Oshawa, Ontario",35532,Apartment structures of six units and over,One bedroom units,v3824619,104.4.2,484
1989,"Oshawa, Ontario",35532,Apartment structures of six units and over,One bedroom units,v3824619,104.4.2,526
1987,"Oshawa, Ontario",35532,Apartment structures of six units and over,Two bedroom units,v3824807,104.4.3,504
1988,"Oshawa, Ontario",35532,Apartment structures of six units and over,Two bedroom units,v3824807,104.4.3,540
1989,"Oshawa, Ontario",35532,Apartment structures of six units and over,Two bedroom units,v3824807,104.4.3,567
1987,"Oshawa, Ontario",35532,Apartment structures of six units and over,Three bedroom units,v3824995,104.4.4,596
1988,"Oshawa, Ontario",35532,Apartment structures of six units and over,Three bedroom units,v3824995,104.4.4,601
1989,"Oshawa, Ontario",35532,Apartment structures of six units and over,Three bedroom units,v3824995,104.4.4,641
1987,"Ottawa-Gatineau, Ontario/Quebec","35505, 24505",Apartment structures of six units and over,Bachelor units,v3824432,105.4.1,354
1988,"Ottawa-Gatineau, Ontario/Quebec","35505, 24505",Apartment structures of six units and over,Bachelor units,v3824432,105.4.1,366
1989,"Ottawa-Gatineau, Ontario/Quebec","35505, 24505",Apartment structures of six units and over,Bachelor units,v3824432,105.4.1,382
1987,"Ottawa-Gatineau, Ontario/Quebec","35505, 24505",Apartment structures of six units and over,One bedroom units,v3824620,105.4.2,438
1988,"Ottawa-Gatineau, Ontario/Quebec","35505, 24505",Apartment structures of six units and over,One bedroom units,v3824620,105.4.2,460
1989,"Ottawa-Gatineau, Ontario/Quebec","35505, 24505",Apartment structures of six units and over,One bedroom units,v3824620,105.4.2,476
1987,"Ottawa-Gatineau, Ontario/Quebec","35505, 24505",Apartment structures of six units and over,Two bedroom units,v3824808,105.4.3,538
1988,"Ottawa-Gatineau, Ontario/Quebec","35505, 24505",Apartment structures of six units and over,Two bedroom units,v3824808,105.4.3,559
1989,"Ottawa-Gatineau, Ontario/Quebec","35505, 24505",Apartment structures of six units and over,Two bedroom units,v3824808,105.4.3,579
1987,"Ottawa-Gatineau, Ontario/Quebec","35505, 24505",Apartment structures of six units and over,Three bedroom units,v3824996,105.4.4,624
1988,"Ottawa-Gatineau, Ontario/Quebec","35505, 24505",Apartment structures of six units and over,Three bedroom units,v3824996,105.4.4,658
1989,"Ottawa-Gatineau, Ontario/Quebec","35505, 24505",Apartment structures of six units and over,Three bedroom units,v3824996,105.4.4,666
1987,"Ottawa-Gatineau, Ontario part, Ontario/Quebec",35505,Apartment structures of six units and over,Bachelor units,v3824434,106.4.1,356
1988,"Ottawa-Gatineau, Ontario part, Ontario/Quebec",35505,Apartment structures of six units and over,Bachelor units,v3824434,106.4.1,370
1989,"Ottawa-Gatineau, Ontario part, Ontario/Quebec",35505,Apartment structures of six units and over,Bachelor units,v3824434,106.4.1,385
1987,"Ottawa-Gatineau, Ontario part, Ontario/Quebec",35505,Apartment structures of six units and over,One bedroom units,v3824622,106.4.2,443
1988,"Ottawa-Gatineau, Ontario part, Ontario/Quebec",35505,Apartment structures of six units and over,One bedroom units,v3824622,106.4.2,467
1989,"Ottawa-Gatineau, Ontario part, Ontario/Quebec",35505,Apartment structures of six units and over,One bedroom units,v3824622,106.4.2,484
1987,"Ottawa-Gatineau, Ontario part, Ontario/Quebec",35505,Apartment structures of six units and over,Two bedroom units,v3824810,106.4.3,565
1988,"Ottawa-Gatineau, Ontario part, Ontario/Quebec",35505,Apartment structures of six units and over,Two bedroom units,v3824810,106.4.3,590
1989,"Ottawa-Gatineau, Ontario part, Ontario/Quebec",35505,Apartment structures of six units and over,Two bedroom units,v3824810,106.4.3,611
1987,"Ottawa-Gatineau, Ontario part, Ontario/Quebec",35505,Apartment structures of six units and over,Three bedroom units,v3824998,106.4.4,668
1988,"Ottawa-Gatineau, Ontario part, Ontario/Quebec",35505,Apartment structures of six units and over,Three bedroom units,v3824998,106.4.4,720
1989,"Ottawa-Gatineau, Ontario part, Ontario/Quebec",35505,Apartment structures of six units and over,Three bedroom units,v3824998,106.4.4,726
1987,"Owen Sound, Ontario",35566,Apartment structures of six units and over,Bachelor units,v3824573,107.4.1,288
1988,"Owen Sound, Ontario",35566,Apartment structures of six units and over,Bachelor units,v3824573,107.4.1,286
1989,"Owen Sound, Ontario",35566,Apartment structures of six units and over,Bachelor units,v3824573,107.4.1,319
1987,"Owen Sound, Ontario",35566,Apartment structures of six units and over,One bedroom units,v3824761,107.4.2,363
1988,"Owen Sound, Ontario",35566,Apartment structures of six units and over,One bedroom units,v3824761,107.4.2,365
1989,"Owen Sound, Ontario",35566,Apartment structures of six units and over,One bedroom units,v3824761,107.4.2,387
1987,"Owen Sound, Ontario",35566,Apartment structures of six units and over,Two bedroom units,v3824949,107.4.3,429
1988,"Owen Sound, Ontario",35566,Apartment structures of six units and over,Two bedroom units,v3824949,107.4.3,440
1989,"Owen Sound, Ontario",35566,Apartment structures of six units and over,Two bedroom units,v3824949,107.4.3,475
1987,"Owen Sound, Ontario",35566,Apartment structures of six units and over,Three bedroom units,v3825137,107.4.4,457
1988,"Owen Sound, Ontario",35566,Apartment structures of six units and over,Three bedroom units,v3825137,107.4.4,461
1989,"Owen Sound, Ontario",35566,Apartment structures of six units and over,Three bedroom units,v3825137,107.4.4,494
1987,"Pembroke, Ontario",35515,Apartment structures of six units and over,One bedroom units,v3824762,108.4.2,369
1988,"Pembroke, Ontario",35515,Apartment structures of six units and over,One bedroom units,v3824762,108.4.2,384
1989,"Pembroke, Ontario",35515,Apartment structures of six units and over,One bedroom units,v3824762,108.4.2,415
1987,"Pembroke, Ontario",35515,Apartment structures of six units and over,Two bedroom units,v3824950,108.4.3,433
1988,"Pembroke, Ontario",35515,Apartment structures of six units and over,Two bedroom units,v3824950,108.4.3,456
1989,"Pembroke, Ontario",35515,Apartment structures of six units and over,Two bedroom units,v3824950,108.4.3,471
1989,"Pembroke, Ontario",35515,Apartment structures of six units and over,Three bedroom units,v3825138,108.4.4,491
1987,"Peterborough, Ontario",35529,Apartment structures of six units and over,Bachelor units,v3824470,110.4.1,295
1988,"Peterborough, Ontario",35529,Apartment structures of six units and over,Bachelor units,v3824470,110.4.1,329
1989,"Peterborough, Ontario",35529,Apartment structures of six units and over,Bachelor units,v3824470,110.4.1,290
1987,"Peterborough, Ontario",35529,Apartment structures of six units and over,One bedroom units,v3824658,110.4.2,419
1988,"Peterborough, Ontario",35529,Apartment structures of six units and over,One bedroom units,v3824658,110.4.2,433
1989,"Peterborough, Ontario",35529,Apartment structures of six units and over,One bedroom units,v3824658,110.4.2,461
1987,"Peterborough, Ontario",35529,Apartment structures of six units and over,Two bedroom units,v3824846,110.4.3,485
1988,"Peterborough, Ontario",35529,Apartment structures of six units and over,Two bedroom units,v3824846,110.4.3,526
1989,"Peterborough, Ontario",35529,Apartment structures of six units and over,Two bedroom units,v3824846,110.4.3,555
1987,"Peterborough, Ontario",35529,Apartment structures of six units and over,Three bedroom units,v3825034,110.4.4,543
1988,"Peterborough, Ontario",35529,Apartment structures of six units and over,Three bedroom units,v3825034,110.4.4,604
1989,"Peterborough, Ontario",35529,Apartment structures of six units and over,Three bedroom units,v3825034,110.4.4,634
1989,"Port Hope, Ontario",35528,Apartment structures of six units and over,One bedroom units,v3824711,111.4.2,536
1989,"Port Hope, Ontario",35528,Apartment structures of six units and over,Two bedroom units,v3824899,111.4.3,617
1987,"St. Catharines-Niagara, Ontario",35539,Apartment structures of six units and over,Bachelor units,v3824430,117.4.1,268
1988,"St. Catharines-Niagara, Ontario",35539,Apartment structures of six units and over,Bachelor units,v3824430,117.4.1,290
1989,"St. Catharines-Niagara, Ontario",35539,Apartment structures of six units and over,Bachelor units,v3824430,117.4.1,307
1987,"St. Catharines-Niagara, Ontario",35539,Apartment structures of six units and over,One bedroom units,v3824618,117.4.2,378
1988,"St. Catharines-Niagara, Ontario",35539,Apartment structures of six units and over,One bedroom units,v3824618,117.4.2,395
1989,"St. Catharines-Niagara, Ontario",35539,Apartment structures of six units and over,One bedroom units,v3824618,117.4.2,417
1987,"St. Catharines-Niagara, Ontario",35539,Apartment structures of six units and over,Two bedroom units,v3824806,117.4.3,433
1988,"St. Catharines-Niagara, Ontario",35539,Apartment structures of six units and over,Two bedroom units,v3824806,117.4.3,457
1989,"St. Catharines-Niagara, Ontario",35539,Apartment structures of six units and over,Two bedroom units,v3824806,117.4.3,492
1987,"St. Catharines-Niagara, Ontario",35539,Apartment structures of six units and over,Three bedroom units,v3824994,117.4.4,482
1988,"St. Catharines-Niagara, Ontario",35539,Apartment structures of six units and over,Three bedroom units,v3824994,117.4.4,528
1989,"St. Catharines-Niagara, Ontario",35539,Apartment structures of six units and over,Three bedroom units,v3824994,117.4.4,590
1987,"St. Thomas, Ontario",,Apartment structures of six units and over,Bachelor units,v3824526,118.4.1,291
1987,"St. Thomas, Ontario",,Apartment structures of six units and over,One bedroom units,v3824714,118.4.2,347
1987,"St. Thomas, Ontario",,Apartment structures of six units and over,Two bedroom units,v3824902,118.4.3,415
1987,"Sarnia, Ontario",35562,Apartment structures of six units and over,Bachelor units,v3824476,112.4.1,265
1988,"Sarnia, Ontario",35562,Apartment structures of six units and over,Bachelor units,v3824476,112.4.1,285
1989,"Sarnia, Ontario",35562,Apartment structures of six units and over,Bachelor units,v3824476,112.4.1,300
1987,"Sarnia, Ontario",35562,Apartment structures of six units and over,One bedroom units,v3824664,112.4.2,379
1988,"Sarnia, Ontario",35562,Apartment structures of six units and over,One bedroom units,v3824664,112.4.2,389
1989,"Sarnia, Ontario",35562,Apartment structures of six units and over,One bedroom units,v3824664,112.4.2,417
1987,"Sarnia, Ontario",35562,Apartment structures of six units and over,Two bedroom units,v3824852,112.4.3,445
1988,"Sarnia, Ontario",35562,Apartment structures of six units and over,Two bedroom units,v3824852,112.4.3,457
1989,"Sarnia, Ontario",35562,Apartment structures of six units and over,Two bedroom units,v3824852,112.4.3,478
1987,"Sarnia, Ontario",35562,Apartment structures of six units and over,Three bedroom units,v3825040,112.4.4,603
1988,"Sarnia, Ontario",35562,Apartment structures of six units and over,Three bedroom units,v3825040,112.4.4,581
1989,"Sarnia, Ontario",35562,Apartment structures of six units and over,Three bedroom units,v3825040,112.4.4,593
1987,"Sault Ste. Marie, Ontario",35590,Apartment structures of six units and over,Bachelor units,v3824477,113.4.1,281
1988,"Sault Ste. Marie, Ontario",35590,Apartment structures of six units and over,Bachelor units,v3824477,113.4.1,289
1989,"Sault Ste. Marie, Ontario",35590,Apartment structures of six units and over,Bachelor units,v3824477,113.4.1,281
1987,"Sault Ste. Marie, Ontario",35590,Apartment structures of six units and over,One bedroom units,v3824665,113.4.2,393
1988,"Sault Ste. Marie, Ontario",35590,Apartment structures of six units and over,One bedroom units,v3824665,113.4.2,415
1989,"Sault Ste. Marie, Ontario",35590,Apartment structures of six units and over,One bedroom units,v3824665,113.4.2,432
1987,"Sault Ste. Marie, Ontario",35590,Apartment structures of six units and over,Two bedroom units,v3824853,113.4.3,456
1988,"Sault Ste. Marie, Ontario",35590,Apartment structures of six units and over,Two bedroom units,v3824853,113.4.3,485
1989,"Sault Ste. Marie, Ontario",35590,Apartment structures of six units and over,Two bedroom units,v3824853,113.4.3,500
1987,"Sault Ste. Marie, Ontario",35590,Apartment structures of six units and over,Three bedroom units,v3825041,113.4.4,539
1988,"Sault Ste. Marie, Ontario",35590,Apartment structures of six units and over,Three bedroom units,v3825041,113.4.4,562
1989,"Sault Ste. Marie, Ontario",35590,Apartment structures of six units and over,Three bedroom units,v3825041,113.4.4,584
1987,"Smiths Falls, Ontario",,Apartment structures of six units and over,Bachelor units,v3824586,116.4.1,199
1987,"Smiths Falls, Ontario",,Apartment structures of six units and over,One bedroom units,v3824774,116.4.2,333
1987,"Smiths Falls, Ontario",,Apartment structures of six units and over,Two bedroom units,v3824962,116.4.3,420
1988,"Stratford, Ontario",35553,Apartment structures of six units and over,Bachelor units,v3824588,119.4.1,284
1989,"Stratford, Ontario",35553,Apartment structures of six units and over,Bachelor units,v3824588,119.4.1,296
1987,"Stratford, Ontario",35553,Apartment structures of six units and over,One bedroom units,v3824776,119.4.2,353
1988,"Stratford, Ontario",35553,Apartment structures of six units and over,One bedroom units,v3824776,119.4.2,387
1989,"Stratford, Ontario",35553,Apartment structures of six units and over,One bedroom units,v3824776,119.4.2,396
1987,"Stratford, Ontario",35553,Apartment structures of six units and over,Two bedroom units,v3824964,119.4.3,421
1988,"Stratford, Ontario",35553,Apartment structures of six units and over,Two bedroom units,v3824964,119.4.3,456
1989,"Stratford, Ontario",35553,Apartment structures of six units and over,Two bedroom units,v3824964,119.4.3,475
1987,"Stratford, Ontario",35553,Apartment structures of six units and over,Three bedroom units,v3825152,119.4.4,526
1988,"Stratford, Ontario",35553,Apartment structures of six units and over,Three bedroom units,v3825152,119.4.4,553
1989,"Stratford, Ontario",35553,Apartment structures of six units and over,Three bedroom units,v3825152,119.4.4,584
1987,"Temiskaming Shores, Ontario",35584,Apartment structures of six units and over,Bachelor units,v3824555,82.4.1,271
1987,"Temiskaming Shores, Ontario",35584,Apartment structures of six units and over,One bedroom units,v3824743,82.4.2,289
1987,"Temiskaming Shores, Ontario",35584,Apartment structures of six units and over,Two bedroom units,v3824931,82.4.3,407
1987,"Thunder Bay, Ontario",35595,Apartment structures of six units and over,Bachelor units,v3824442,122.4.1,263
1988,"Thunder Bay, Ontario",35595,Apartment structures of six units and over,Bachelor units,v3824442,122.4.1,284
1989,"Thunder Bay, Ontario",35595,Apartment structures of six units and over,Bachelor units,v3824442,122.4.1,285
1987,"Thunder Bay, Ontario",35595,Apartment structures of six units and over,One bedroom units,v3824630,122.4.2,399
1988,"Thunder Bay, Ontario",35595,Apartment structures of six units and over,One bedroom units,v3824630,122.4.2,423
1989,"Thunder Bay, Ontario",35595,Apartment structures of six units and over,One bedroom units,v3824630,122.4.2,442
1987,"Thunder Bay, Ontario",35595,Apartment structures of six units and over,Two bedroom units,v3824818,122.4.3,508
1988,"Thunder Bay, Ontario",35595,Apartment structures of six units and over,Two bedroom units,v3824818,122.4.3,536
1989,"Thunder Bay, Ontario",35595,Apartment structures of six units and over,Two bedroom units,v3824818,122.4.3,560
1987,"Thunder Bay, Ontario",35595,Apartment structures of six units and over,Three bedroom units,v3825006,122.4.4,504
1989,"Thunder Bay, Ontario",35595,Apartment structures of six units and over,Three bedroom units,v3825006,122.4.4,631
1987,"Tillsonburg, Ontario",35546,Apartment structures of six units and over,Bachelor units,v3824594,123.4.1,294
1989,"Tillsonburg, Ontario",35546,Apartment structures of six units and over,Bachelor units,v3824594,123.4.1,323
1987,"Tillsonburg, Ontario",35546,Apartment structures of six units and over,One bedroom units,v3824782,123.4.2,355
1988,"Tillsonburg, Ontario",35546,Apartment structures of six units and over,One bedroom units,v3824782,123.4.2,381
1989,"Tillsonburg, Ontario",35546,Apartment structures of six units and over,One bedroom units,v3824782,123.4.2,392
1987,"Tillsonburg, Ontario",35546,Apartment structures of six units and over,Two bedroom units,v3824970,123.4.3,412
1988,"Tillsonburg, Ontario",35546,Apartment structures of six units and over,Two bedroom units,v3824970,123.4.3,448
1989,"Tillsonburg, Ontario",35546,Apartment structures of six units and over,Two bedroom units,v3824970,123.4.3,459
1987,"Timmins, Ontario",35586,Apartment structures of six units and over,Bachelor units,v3824533,124.4.1,251
1987,"Timmins, Ontario",35586,Apartment structures of six units and over,One bedroom units,v3824721,124.4.2,411
1988,"Timmins, Ontario",35586,Apartment structures of six units and over,One bedroom units,v3824721,124.4.2,430
1989,"Timmins, Ontario",35586,Apartment structures of six units and over,One bedroom units,v3824721,124.4.2,451
1987,"Timmins, Ontario",35586,Apartment structures of six units and over,Two bedroom units,v3824909,124.4.3,506
1988,"Timmins, Ontario",35586,Apartment structures of six units and over,Two bedroom units,v3824909,124.4.3,520
1989,"Timmins, Ontario",35586,Apartment structures of six units and over,Two bedroom units,v3824909,124.4.3,554
1987,"Timmins, Ontario",35586,Apartment structures of six units and over,Three bedroom units,v3825097,124.4.4,556
1988,"Timmins, Ontario",35586,Apartment structures of six units and over,Three bedroom units,v3825097,124.4.4,562
1989,"Timmins, Ontario",35586,Apartment structures of six units and over,Three bedroom units,v3825097,124.4.4,620
1987,"Toronto, Ontario",35535,Apartment structures of six units and over,Bachelor units,v3824443,125.4.1,377
1988,"Toronto, Ontario",35535,Apartment structures of six units and over,Bachelor units,v3824443,125.4.1,405
1989,"Toronto, Ontario",35535,Apartment structures of six units and over,Bachelor units,v3824443,125.4.1,428
1987,"Toronto, Ontario",35535,Apartment structures of six units and over,One bedroom units,v3824631,125.4.2,470
1988,"Toronto, Ontario",35535,Apartment structures of six units and over,One bedroom units,v3824631,125.4.2,494
1989,"Toronto, Ontario",35535,Apartment structures of six units and over,One bedroom units,v3824631,125.4.2,528
1987,"Toronto, Ontario",35535,Apartment structures of six units and over,Two bedroom units,v3824819,125.4.3,567
1988,"Toronto, Ontario",35535,Apartment structures of six units and over,Two bedroom units,v3824819,125.4.3,599
1989,"Toronto, Ontario",35535,Apartment structures of six units and over,Two bedroom units,v3824819,125.4.3,642
1987,"Toronto, Ontario",35535,Apartment structures of six units and over,Three bedroom units,v3825007,125.4.4,704
1988,"Toronto, Ontario",35535,Apartment structures of six units and over,Three bedroom units,v3825007,125.4.4,749
1989,"Toronto, Ontario",35535,Apartment structures of six units and over,Three bedroom units,v3825007,125.4.4,798
1987,"Trenton, Ontario",,Apartment structures of six units and over,One bedroom units,v3824784,126.4.2,381
1987,"Trenton, Ontario",,Apartment structures of six units and over,Two bedroom units,v3824972,126.4.3,442
1988,"Wallaceburg, Ontario",,Apartment structures of six units and over,Two bedroom units,v3824910,127.4.3,469
1987,"Windsor, Ontario",35559,Apartment structures of six units and over,Bachelor units,v3824447,128.4.1,262
1988,"Windsor, Ontario",35559,Apartment structures of six units and over,Bachelor units,v3824447,128.4.1,275
1989,"Windsor, Ontario",35559,Apartment structures of six units and over,Bachelor units,v3824447,128.4.1,293
1987,"Windsor, Ontario",35559,Apartment structures of six units and over,One bedroom units,v3824635,128.4.2,428
1988,"Windsor, Ontario",35559,Apartment structures of six units and over,One bedroom units,v3824635,128.4.2,412
1989,"Windsor, Ontario",35559,Apartment structures of six units and over,One bedroom units,v3824635,128.4.2,447
1987,"Windsor, Ontario",35559,Apartment structures of six units and over,Two bedroom units,v3824823,128.4.3,523
1988,"Windsor, Ontario",35559,Apartment structures of six units and over,Two bedroom units,v3824823,128.4.3,528
1989,"Windsor, Ontario",35559,Apartment structures of six units and over,Two bedroom units,v3824823,128.4.3,553
1987,"Windsor, Ontario",35559,Apartment structures of six units and over,Three bedroom units,v3825011,128.4.4,578
1988,"Windsor, Ontario",35559,Apartment structures of six units and over,Three bedroom units,v3825011,128.4.4,510
1989,"Windsor, Ontario",35559,Apartment structures of six units and over,Three bedroom units,v3825011,128.4.4,591
1989,"Woodstock, Ontario",35544,Apartment structures of six units and over,Bachelor units,v3824535,129.4.1,289
1987,"Woodstock, Ontario",35544,Apartment structures of six units and over,One bedroom units,v3824723,129.4.2,345
1988,"Woodstock, Ontario",35544,Apartment structures of six units and over,One bedroom units,v3824723,129.4.2,385
1989,"Woodstock, Ontario",35544,Apartment structures of six units and over,One bedroom units,v3824723,129.4.2,397
1987,"Woodstock, Ontario",35544,Apartment structures of six units and over,Two bedroom units,v3824911,129.4.3,412
1988,"Woodstock, Ontario",35544,Apartment structures of six units and over,Two bedroom units,v3824911,129.4.3,451
1989,"Woodstock, Ontario",35544,Apartment structures of six units and over,Two bedroom units,v3824911,129.4.3,460
1988,"Woodstock, Ontario",35544,Apartment structures of six units and over,Three bedroom units,v3825099,129.4.4,427
1989,"Woodstock, Ontario",35544,Apartment structures of six units and over,Three bedroom units,v3825099,129.4.4,467
